username,status,http_status,timestamp,note
fragmeimfamous,available,200,2025-09-23 16:50:42,not_found_text
crouchingtiger,taken,200,2025-09-23 16:50:43,profile_markers
snipe4laughs,available,200,2025-09-23 16:50:43,not_found_text
hideyokids,taken,200,2025-09-23 16:50:44,profile_markers
lootnscoot,taken,200,2025-09-23 16:50:44,profile_markers
aimbotblues,available,200,2025-09-23 16:50:45,not_found_text
pewpewmaster,taken,200,2025-09-23 16:50:45,profile_markers
l33tsp34k,taken,200,2025-09-23 16:50:46,profile_markers
unbeatableyeti,available,200,2025-09-23 16:50:46,not_found_text
noscopehero,taken,200,2025-09-23 16:50:47,profile_markers
swayaway,taken,200,2025-09-23 16:50:47,profile_markers
loopdeloopme,available,200,2025-09-23 16:50:48,not_found_text
memequeenxoxo,available,200,2025-09-23 16:50:48,not_found_text
fyporbust,available,200,2025-09-23 16:50:49,not_found_text
tokthisway,available,200,2025-09-23 16:50:49,not_found_text
slide4likes,available,200,2025-09-23 16:50:50,not_found_text
trendsetterzzz,available,200,2025-09-23 16:50:50,not_found_text
verifiednot,available,200,2025-09-23 16:50:51,not_found_text
duetothis,available,200,2025-09-23 16:50:51,not_found_text
foryourlaughs,available,200,2025-09-23 16:50:51,not_found_text
scratchnsniff,taken,200,2025-09-23 16:50:52,profile_markers
junkinthetrunk,taken,200,2025-09-23 16:50:53,profile_markers
vexedvixen,taken,200,2025-09-23 16:50:53,profile_markers
juicydetails,available,200,2025-09-23 16:50:54,not_found_text
hot2trot,taken,200,2025-09-23 16:50:54,profile_markers
riskybiznuiz,available,200,2025-09-23 16:50:54,not_found_text
closecall911,available,200,2025-09-23 16:50:55,not_found_text
burnnotice,taken,200,2025-09-23 16:50:56,profile_markers
ticklemyfancy,available,200,2025-09-23 16:50:56,not_found_text
moodygroove,available,200,2025-09-23 16:50:56,not_found_text
bloxmesideways,available,200,2025-09-23 16:50:57,not_found_text
runlikewind,available,200,2025-09-23 16:50:57,not_found_text
pixelpirate,taken,200,2025-09-23 16:50:58,profile_markers
noobtuber,taken,200,2025-09-23 16:50:58,profile_markers
scriptkiddo,taken,200,2025-09-23 16:50:59,profile_markers
blockheadz,taken,200,2025-09-23 16:51:00,profile_markers
oof2win,available,200,2025-09-23 16:51:00,not_found_text
avatarmenow,available,200,2025-09-23 16:51:00,not_found_text
emoteelite,available,200,2025-09-23 16:51:01,not_found_text
gotbrickz,available,200,2025-09-23 16:51:01,not_found_text
picturepurrfect,available,200,2025-09-23 16:51:02,not_found_text
scrollingbeast,available,200,2025-09-23 16:51:02,not_found_text
feedfrenzy,available,200,2025-09-23 16:51:03,not_found_text
memedreamteam,taken,200,2025-09-23 16:51:03,profile_markers
boomerangbang,available,200,2025-09-23 16:51:04,not_found_text
gridlockers,taken,200,2025-09-23 16:51:05,profile_markers
hashtaghilarity,available,200,2025-09-23 16:51:05,not_found_text
filterphobia,available,200,2025-09-23 16:51:05,not_found_text
snaphappens,available,200,2025-09-23 16:51:06,not_found_text
followmenot,available,200,2025-09-23 16:51:06,not_found_text
upvoteulysses,available,200,2025-09-23 16:51:07,not_found_text
subredditor,available,200,2025-09-23 16:51:07,not_found_text
karmakameleon,taken,200,2025-09-23 16:51:08,profile_markers
modestmoose,taken,200,2025-09-23 16:51:09,profile_markers
downvotedave,available,200,2025-09-23 16:51:09,not_found_text
threadheadfred,available,200,2025-09-23 16:51:09,not_found_text
sortbynew,available,200,2025-09-23 16:51:10,not_found_text
topcommenttina,available,200,2025-09-23 16:51:10,not_found_text
cakedaybay,available,200,2025-09-23 16:51:11,not_found_text
reddherring,taken,200,2025-09-23 16:51:11,profile_markers
snapcracklepop,taken,200,2025-09-23 16:51:12,profile_markers
bitmojiboss,available,200,2025-09-23 16:51:12,not_found_text
streaksavvy,available,200,2025-09-23 16:51:13,not_found_text
chatsnatcher,available,200,2025-09-23 16:51:13,not_found_text
filterfreak,available,200,2025-09-23 16:51:14,not_found_text
ghostmodego,available,200,2025-09-23 16:51:14,not_found_text
snapzilla,taken,200,2025-09-23 16:51:15,profile_markers
storystalker,available,200,2025-09-23 16:51:15,not_found_text
snappymcsnap,available,200,2025-09-23 16:51:15,not_found_text
swiperights,available,200,2025-09-23 16:51:16,not_found_text
campnsnipe,available,200,2025-09-23 16:51:16,not_found_text
revivemeplz,taken,200,2025-09-23 16:51:17,profile_markers
killjoy101,taken,200,2025-09-23 16:51:17,profile_markers
flashbangfred,available,200,2025-09-23 16:51:18,not_found_text
warzonewaldo,available,200,2025-09-23 16:51:18,not_found_text
prestigeprincess,available,200,2025-09-23 16:51:19,not_found_text
codfather,taken,200,2025-09-23 16:51:19,profile_markers
camokaze,taken,200,2025-09-23 16:51:20,profile_markers
perkaddict,available,200,2025-09-23 16:51:20,not_found_text
claymoreczar,available,200,2025-09-23 16:51:21,not_found_text
redringoffun,available,200,2025-09-23 16:51:21,not_found_text
laghappens,available,200,2025-09-23 16:51:21,not_found_text
onewiththewin,available,200,2025-09-23 16:51:22,not_found_text
kinectingdots,available,200,2025-09-23 16:51:22,not_found_text
quickdrawmcgraw,taken,200,2025-09-23 16:51:23,profile_markers
powerbrickrick,available,200,2025-09-23 16:51:24,not_found_text
noscopenancy,available,200,2025-09-23 16:51:24,not_found_text
avatarava,available,200,2025-09-23 16:51:24,not_found_text
eliteknight,taken,200,2025-09-23 16:51:25,profile_markers
gamertagsrus,available,200,2025-09-23 16:51:25,not_found_text
justchilling,taken,200,2025-09-23 16:51:26,profile_markers
tagmenexttime,available,200,2025-09-23 16:51:26,not_found_text
nitroned,available,200,2025-09-23 16:51:27,not_found_text
serversurfer,taken,429,2025-09-23 16:51:28,profile_markers
modz4dayz,available,200,2025-09-23 16:51:28,not_found_text
ghostping,available,200,2025-09-23 16:51:28,not_found_text
coolstorybro,taken,429,2025-09-23 16:51:29,profile_markers
rollforinitiative,taken,429,2025-09-23 16:51:30,profile_markers
botwhisperer,available,200,2025-09-23 16:51:30,not_found_text
emojienthusiast,available,200,2025-09-23 16:51:30,not_found_text
retweetrebel,available,200,2025-09-23 16:51:31,not_found_text
trendywendy,taken,429,2025-09-23 16:51:31,profile_markers
subtweetsteve,available,200,2025-09-23 16:51:32,not_found_text
hashtagharriet,available,200,2025-09-23 16:51:32,not_found_text
280orbust,available,200,2025-09-23 16:51:33,not_found_text
directmessageme,available,200,2025-09-23 16:51:33,not_found_text
verifiedvegetable,available,200,2025-09-23 16:51:34,not_found_text
likeitup,available,200,2025-09-23 16:51:34,not_found_text
followerfiend,available,200,2025-09-23 16:51:35,not_found_text
bluecheckwreck,available,200,2025-09-23 16:51:35,not_found_text
kahootmeimirish,available,200,2025-09-23 16:51:36,not_found_text
quizwhiz,available,200,2025-09-23 16:51:36,not_found_text
podiumpirate,available,200,2025-09-23 16:51:36,not_found_text
rightorwrong,available,200,2025-09-23 16:51:37,not_found_text
justguessin,available,200,2025-09-23 16:51:37,not_found_text
kahootsnboots,available,200,2025-09-23 16:51:38,not_found_text
quickclick,available,200,2025-09-23 16:51:38,not_found_text
finalanswer,taken,429,2025-09-23 16:51:39,profile_markers
smartypants,taken,429,2025-09-23 16:51:39,profile_markers
nailedit,taken,429,2025-09-23 16:51:40,profile_markers
sloppyseconds,taken,429,2025-09-23 16:51:40,profile_markers
saucyminx,taken,429,2025-09-23 16:51:41,profile_markers
cheekycharmer,taken,429,2025-09-23 16:51:41,profile_markers
hushhushnow,available,200,2025-09-23 16:51:42,not_found_text
notsoinnocent,taken,429,2025-09-23 16:51:42,profile_markers
quickiequeen,available,200,2025-09-23 16:51:43,not_found_text
dirtydancer,taken,200,2025-09-23 16:51:43,profile_markers
nostringsonme,taken,200,2025-09-23 16:51:44,profile_markers
sweetnsour,taken,200,2025-09-23 16:51:44,profile_markers
liplockluck,available,200,2025-09-23 16:51:45,not_found_text
spraynpray,taken,200,2025-09-23 16:51:45,profile_markers
nerfedninja,available,200,2025-09-23 16:51:46,not_found_text
clutchking,taken,200,2025-09-23 16:51:46,profile_markers
spikemeister,available,200,2025-09-23 16:51:47,not_found_text
vandalvixen,taken,200,2025-09-23 16:51:47,profile_markers
plantplz,available,200,2025-09-23 16:51:48,not_found_text
boomorbust,available,200,2025-09-23 16:51:48,not_found_text
ecorounderic,available,200,2025-09-23 16:51:49,not_found_text
aceofspades,taken,200,2025-09-23 16:51:49,profile_markers
headshotharry,taken,200,2025-09-23 16:51:50,profile_markers
dualshockdoc,available,200,2025-09-23 16:51:50,not_found_text
trophyhunter,taken,200,2025-09-23 16:51:51,profile_markers
plzaddme,taken,200,2025-09-23 16:52:19,profile_markers
sixaxissally,available,200,2025-09-23 16:52:20,not_found_text
psn4life,available,200,2025-09-23 16:52:20,not_found_text
buttonmasher,taken,200,2025-09-23 16:52:21,profile_markers
bluerayplay,available,200,2025-09-23 16:52:21,not_found_text
nopausepaul,available,200,2025-09-23 16:52:21,not_found_text
shareplaysharon,available,200,2025-09-23 16:52:22,not_found_text
cloudsavedave,available,200,2025-09-23 16:52:22,not_found_text
flossboss,taken,200,2025-09-23 16:52:23,profile_markers
vbuckvictor,available,200,2025-09-23 16:52:23,not_found_text
battlebusbilly,available,200,2025-09-23 16:52:23,not_found_text
slurpjuicesue,available,200,2025-09-23 16:52:24,not_found_text
victoryroy,available,200,2025-09-23 16:52:24,not_found_text
skin2win,available,200,2025-09-23 16:52:24,not_found_text
fortnitefred,available,200,2025-09-23 16:52:25,not_found_text
pickaxepete,available,200,2025-09-23 16:52:25,not_found_text
dropzonezara,available,200,2025-09-23 16:52:26,not_found_text
ghostyboasty,available,200,2025-09-23 16:52:26,not_found_text
memescreen,taken,200,2025-09-23 16:52:26,profile_markers
chatchatwho,available,200,2025-09-23 16:52:27,not_found_text
snapnotrap,available,200,2025-09-23 16:52:27,not_found_text
scoregalor,available,200,2025-09-23 16:52:27,not_found_text
friendemoji,available,200,2025-09-23 16:52:28,not_found_text
mystorymystery,available,200,2025-09-23 16:52:28,not_found_text
lensesense,available,200,2025-09-23 16:52:29,not_found_text
snapmapcap,available,200,2025-09-23 16:52:29,not_found_text
bitmojimojo,available,200,2025-09-23 16:52:29,not_found_text
toejammaster,available,200,2025-09-23 16:52:30,not_found_text
archsupportsam,available,200,2025-09-23 16:52:30,not_found_text
solesister,available,200,2025-09-23 16:52:30,not_found_text
heelhopper,available,200,2025-09-23 16:52:31,not_found_text
tippytoetom,available,200,2025-09-23 16:52:31,not_found_text
footsiefool,available,200,2025-09-23 16:52:32,not_found_text
ankleannie,available,200,2025-09-23 16:52:32,not_found_text
pedicureking,available,200,2025-09-23 16:52:32,not_found_text
sockstealer,taken,200,2025-09-23 16:52:33,profile_markers
flipflopfred,available,200,2025-09-23 16:52:33,not_found_text
sassylassie,available,200,2025-09-23 16:52:34,not_found_text
glamourgoddess,available,200,2025-09-23 16:52:34,not_found_text
fashionistafaye,available,200,2025-09-23 16:52:34,not_found_text
chickflickchic,available,200,2025-09-23 16:52:35,not_found_text
gurlpower,taken,200,2025-09-23 16:52:35,profile_markers
divadynamite,available,200,2025-09-23 16:52:36,not_found_text
missbehave,taken,200,2025-09-23 16:52:36,profile_markers
pinkypirate,available,200,2025-09-23 16:52:37,not_found_text
glitterngold,taken,200,2025-09-23 16:52:37,profile_markers
queenofscene,available,200,2025-09-23 16:52:37,not_found_text
egirleject,available,200,2025-09-23 16:52:38,not_found_text
noobnuker,available,200,2025-09-23 16:52:38,not_found_text
vpn4fun,available,200,2025-09-23 16:52:39,not_found_text
clickbaitbobby,available,200,2025-09-23 16:52:39,not_found_text
mememachine,taken,200,2025-09-23 16:52:40,profile_markers
internetintrovert,available,200,2025-09-23 16:52:40,not_found_text
browsewowser,available,200,2025-09-23 16:52:40,not_found_text
searchnsurf,available,200,2025-09-23 16:52:41,not_found_text
linkorsink,available,200,2025-09-23 16:52:41,not_found_text
tabhoarder,available,200,2025-09-23 16:52:42,not_found_text
flufighter,available,200,2025-09-23 16:52:42,not_found_text
scalpelskipper,available,200,2025-09-23 16:52:42,not_found_text
ivleague,taken,200,2025-09-23 16:52:43,profile_markers
xrayxpert,available,200,2025-09-23 16:52:43,not_found_text
anesthesiaanna,available,200,2025-09-23 16:52:43,not_found_text
medschoolmaven,available,200,2025-09-23 16:52:44,not_found_text
gurneyguru,available,200,2025-09-23 16:52:44,not_found_text
pillpoppaul,available,200,2025-09-23 16:52:45,not_found_text
vaxxvixen,available,200,2025-09-23 16:52:45,not_found_text
stethosteve,available,200,2025-09-23 16:52:45,not_found_text
punisher,taken,200,2025-09-23 16:52:46,profile_markers
lollord,taken,200,2025-09-23 16:52:46,profile_markers
meplz,taken,200,2025-09-23 16:52:47,profile_markers
winwin,taken,200,2025-09-23 16:52:47,profile_markers
hibye,taken,200,2025-09-23 16:52:47,profile_markers
ttylol,available,200,2025-09-23 16:52:48,not_found_text
yoloyo,taken,200,2025-09-23 16:52:48,profile_markers
2fab,available,200,2025-09-23 16:52:49,not_found_text
noway,taken,200,2025-09-23 16:52:49,profile_markers
ohemg,available,200,2025-09-23 16:52:50,not_found_text
checkmatechamp,available,200,2025-09-23 16:52:50,not_found_text
pawnstormer,available,200,2025-09-23 16:52:50,not_found_text
rooknroll,available,200,2025-09-23 16:52:51,not_found_text
bishopbasher,available,200,2025-09-23 16:52:51,not_found_text
queenmequick,available,200,2025-09-23 16:52:51,not_found_text
knightynight,taken,200,2025-09-23 16:52:52,profile_markers
forkyou,taken,200,2025-09-23 16:52:52,profile_markers
pinpal,taken,200,2025-09-23 16:52:53,profile_markers
castlecraze,available,200,2025-09-23 16:52:53,not_found_text
endgameguru,available,200,2025-09-23 16:52:54,not_found_text
error404,taken,200,2025-09-23 16:52:54,profile_markers
lulzllama,available,200,2025-09-23 16:52:54,not_found_text
wackywombat,taken,200,2025-09-23 16:52:55,profile_markers
gigglegoose,available,200,2025-09-23 16:52:55,not_found_text
zanyzebra,taken,200,2025-09-23 16:52:56,profile_markers
laughlynx,available,200,2025-09-23 16:52:56,not_found_text
oddostrich,available,200,2025-09-23 16:52:57,not_found_text
nuttynarwhal,available,200,2025-09-23 16:52:57,not_found_text
ticklishtiger,taken,200,2025-09-23 16:52:57,profile_markers
sillysloth,taken,200,2025-09-23 16:52:58,profile_markers
bingebuddy,available,200,2025-09-23 16:52:58,not_found_text
queuecrew,available,200,2025-09-23 16:52:59,not_found_text
chillskill,taken,200,2025-09-23 16:52:59,profile_markers
nextepned,available,200,2025-09-23 16:52:59,not_found_text
dramaqueen,taken,200,2025-09-23 16:53:00,profile_markers
subtitlesam,available,200,2025-09-23 16:53:00,not_found_text
streamdream,taken,200,2025-09-23 16:53:01,profile_markers
romcomron,available,200,2025-09-23 16:53:01,not_found_text
watchnwait,available,200,2025-09-23 16:53:02,not_found_text
flixfix,available,200,2025-09-23 16:53:02,not_found_text
moneyhoney,taken,200,2025-09-23 16:53:03,profile_markers
payuppal,available,200,2025-09-23 16:53:03,not_found_text
cashmeifucan,available,200,2025-09-23 16:53:03,not_found_text
bills2pay,available,200,2025-09-23 16:53:04,not_found_text
sendnspend,available,200,2025-09-23 16:53:04,not_found_text
loanranger,taken,200,2025-09-23 16:53:04,profile_markers
pennies4u,available,200,2025-09-23 16:53:05,not_found_text
dollardarla,available,200,2025-09-23 16:53:05,not_found_text
tips4chips,available,200,2025-09-23 16:53:06,not_found_text
brokenojoke,available,200,2025-09-23 16:53:06,not_found_text
guacgod,taken,200,2025-09-23 16:53:07,profile_markers
pizzapirate,taken,200,2025-09-23 16:53:07,profile_markers
fryfiend,available,200,2025-09-23 16:53:07,not_found_text
sushisusie,taken,200,2025-09-23 16:53:08,profile_markers
noodlened,available,200,2025-09-23 16:53:08,not_found_text
burgerbaron,taken,200,2025-09-23 16:53:09,profile_markers
cakecraver,available,200,2025-09-23 16:53:09,not_found_text
tacotitan,available,200,2025-09-23 16:53:10,not_found_text
donutdiva,available,200,2025-09-23 16:53:10,not_found_text
smoothiesue,available,200,2025-09-23 16:53:10,not_found_text
woofnwag,available,200,2025-09-23 16:53:11,not_found_text
paws4applause,available,200,2025-09-23 16:53:11,not_found_text
k9kutie,available,200,2025-09-23 16:53:11,not_found_text
fidofinder,available,200,2025-09-23 16:53:12,not_found_text
howlatme,taken,200,2025-09-23 16:53:12,profile_markers
barknbite,taken,200,2025-09-23 16:53:13,profile_markers
fetchfrenzy,available,200,2025-09-23 16:53:13,not_found_text
doggodazzle,available,200,2025-09-23 16:53:13,not_found_text
caninecutie,available,200,2025-09-23 16:53:14,not_found_text
muttmaster,available,200,2025-09-23 16:53:14,not_found_text
kpopkraze,available,200,2025-09-23 16:53:14,not_found_text
fancamfiona,available,200,2025-09-23 16:53:15,not_found_text
biasbuster,available,200,2025-09-23 16:53:15,not_found_text
seoulsister,taken,200,2025-09-23 16:53:16,profile_markers
idoleyes,taken,200,2025-09-23 16:53:16,profile_markers
hallyuhello,available,200,2025-09-23 16:53:17,not_found_text
stanthis,available,200,2025-09-23 16:53:17,not_found_text
kbeatkeeper,available,200,2025-09-23 16:53:17,not_found_text
boybandbabe,available,200,2025-09-23 16:53:18,not_found_text
melodymaven,available,200,2025-09-23 16:53:18,not_found_text
risasrey,available,200,2025-09-23 16:53:18,not_found_text
chistechico,available,200,2025-09-23 16:53:19,not_found_text
guapogus,available,200,2025-09-23 16:53:19,not_found_text
fiestafan,available,200,2025-09-23 16:53:19,not_found_text
salsasally,available,200,2025-09-23 16:53:20,not_found_text
oleoliver,available,200,2025-09-23 16:53:20,not_found_text
tapastime,available,200,2025-09-23 16:53:21,not_found_text
flamencofred,available,200,2025-09-23 16:53:21,not_found_text
burritobaron,available,200,2025-09-23 16:53:21,not_found_text
siestasue,available,200,2025-09-23 16:53:22,not_found_text
otakuomega,taken,200,2025-09-23 16:53:22,profile_markers
cosplaycrazy,available,200,2025-09-23 16:53:23,not_found_text
mangamaven,taken,429,2025-09-23 16:53:23,profile_markers
chibichampion,available,200,2025-09-23 16:53:23,not_found_text
waifuwarden,available,200,2025-09-23 16:53:24,not_found_text
senpaisquad,taken,429,2025-09-23 16:53:24,profile_markers
tsunderetom,available,200,2025-09-23 16:53:25,not_found_text
moemaster,taken,429,2025-09-23 16:53:25,profile_markers
shonenstar,available,200,2025-09-23 16:53:25,not_found_text
subordub,available,200,2025-09-23 16:53:26,not_found_text
